Timestamp,ID,Strain,Temp
1728929128.9269316,2,516,27.27
1728929128.9872522,3,524,25.85
1728929128.9882562,1,488,26.14
1728929129.0181494,4,472,26.36
1728929129.9282072,2,520,27.27
1728929129.9506385,3,526,25.91
1728929130.1785188,4,473,26.36
1728929130.5351017,1,489,26.08
1728929130.9369256,2,520,27.27
1728929131.2615662,3,531,25.91
1728929131.6177838,4,475,26.36
1728929131.9881613,1,488,26.08
1728929132.3584287,2,519,27.27
1728929132.7434337,3,529,25.91
1728929133,4,477,26.36
1728929133.4719477,1,489,26.14
1728929133.8318267,2,520,27.27
1728929134.2009127,3,526,25.91
1728929134.5853794,4,477,26.36
1728929134.9577148,1,489,26.14
1728929135.3330302,2,520,27.27
1728929135.7679574,3,531,25.88
1728929136.1486442,4,477,26.36
1728929136.5840812,1,489,26.05
1728929136.9364107,2,519,27.27
1728929137.297924,3,529,25.88
1728929137.6512215,4,530,26.36
1728929138.0233715,1,492,26.11
1728929138.4041455,2,519,27.27
1728929138.7486236,3,528,25.91
1728929139.1309724,4,518,26.36
1728929139.5931005,1,488,26.14
1728929139.9907901,2,519,27.27
1728929140.3782465,3,531,25.91
1728929140.7771008,4,520,26.36
1728929141.130806,1,493,26.11
1728929141.5012572,3,529,25.91
1728929141.8867545,2,519,27.3
1728929142.2843406,4,515,26.36
1728929142.6391594,1,488,26.22
1728929143.0238726,3,527,25.91
1728929143.3933523,2,519,27.3
1728929143.8284485,4,508,26.36
1728929144.2124474,1,487,26.14
1728929144.5964735,3,529,25.91
1728929144.9840305,2,519,27.33
1728929145.352579,4,508,26.36
1728929145.7405498,1,493,26.11
1728929146.1104026,3,522,25.91
1728929146.483188,2,519,27.41
1728929146.8709865,4,503,26.36
1728929147.2585201,1,490,26.19
1728929147.6290052,3,528,25.91
1728929148.0031285,2,519,27.64
1728929148.3802397,4,500,26.36
1728929148.7351594,1,484,26.28
1728929149.0962043,3,525,25.88
1728929149.4538682,2,520,27.73
1728929149.8115723,1,492,26.31
1728929150.185147,4,500,26.36
1728929150.5517867,3,528,25.91
1728929150.9854772,2,521,27.73
1728929151,1,488,26.34
1728929151.7276173,4,499,26.36
1728929152,3,528,25.91
1728929152.4958162,2,519,27.73
1728929152.9367628,1,485,26.36
1728929153.3302143,4,499,26.36
1728929153.6991854,3,531,25.91
1728929154.0871785,2,520,27.73
1728929154.4726832,1,487,26.28
1728929154.8570104,4,503,26.42
1728929155.3145144,3,529,25.94
1728929155.7567735,2,518,27.81
1728929156.157384,1,486,26.34
1728929156.5439606,4,557,26.7
1728929156.9290583,2,519,28.1
1728929157.3014317,3,527,25.91
1728929157.6613302,1,483,26.39
1728929158.020225,4,560,26.65
1728929158.4576564,2,519,28.15
1728929158.8630567,3,526,25.91
1728929159.2697747,1,483,26.36
1728929159.8673155,4,534,26.82
1728929160.3349264,2,520,28.18
1728929160.7820125,1,484,26.45
1728929161.1873946,3,524,25.91
1728929162,4,493,26.79
1728929162.0021503,2,520,28.18
1728929162.3969395,1,481,26.45
1728929162.7757633,3,528,25.91
1728929163.1503754,4,496,26.82
1728929164,2,520,28.55
1728929163.883745,1,486,26.51
1728929164.244712,3,527,25.91
1728929164.634951,4,500,26.82
1728929165.0145257,2,518,28.64
1728929165.338734,1,484,26.48
1728929165.6861792,3,521,25.91
1728929166.0947142,4,494,26.82
1728929166.4564948,2,519,28.64
1728929166.8304436,1,481,26.45
1728929167.1859136,3,526,25.91
1728929167.543907,4,495,26.82
1728929167.9382246,2,519,28.86
1728929168.2877066,1,480,26.53
1728929168.6611378,3,525,25.94
1728929169.0354984,4,482,26.82
1728929169.407147,2,520,29.09
1728929169.7496617,1,485,26.56
1728929170.106353,3,519,25.91
1728929170.451823,4,465,26.82
1728929171,2,520,29.09
1728929171.1864076,1,481,26.48
1728929172,3,523,25.91
1728929171.921944,4,486,26.82
1728929172.349341,2,519,29.35
1728929172.7233882,1,481,26.59
1728929173.1290092,3,524,25.91
1728929173.5031202,4,486,26.85
1728929173.8947737,2,519,29.55
1728929174.257978,1,484,26.65
1728929174.6306624,3,525,26.05
1728929175.005181,4,486,26.99
1728929175.3681786,2,520,29.57
1728929175.7572234,1,476,26.65
1728929176.164562,3,522,25.99
1728929176.5097697,4,479,27.13
1728929176.8849204,2,520,30
1728929177.2424455,1,475,26.68
1728929177.586038,3,519,25.99
1728929177.9457848,4,474,27.24
1728929178.3046138,2,519,30
1728929178.6968234,1,481,26.73
1728929179.0584812,3,518,25.97
1728929179.4068682,4,466,27.27
1728929179.791393,2,519,30.36
1728929180.2151208,1,479,26.82
1728929180.588041,3,521,26.08
1728929180.9624298,4,461,27.27
1728929181.3394425,2,519,30.42
1728929181.6991613,1,481,26.82
1728929182.0579119,3,520,26.02
1728929182.423615,4,454,27.27
1728929182.8711476,2,519,30.73
1728929183.261644,3,522,26.08
1728929183.624064,1,475,27.02
1728929183.9855158,4,456,27.27
1728929184.3435125,2,519,30.83
1728929184.7213101,3,518,26.05
1728929185.0836167,1,476,26.96
1728929185.4272134,4,451,27.3
1728929185.7885642,2,520,30.86
1728929186.1522903,3,518,26.25
1728929186.4931777,1,481,26.9
1728929186.8343086,4,456,27.36
1728929187.257584,2,520,31.12
1728929188,3,517,26.16
1728929187.989213,1,474,26.99
1728929188.3628047,4,452,27.56
1728929188.7376165,2,520,31.25
1728929189.0946453,3,522,26.19
1728929189.4390767,4,452,27.73
1728929189.8145592,1,473,26.96
1728929190.188482,2,519,31.35
1728929190.5475852,3,517,26.25
1728929190.9064484,4,454,27.73
1728929191.2562988,1,478,27.13
1728929191.6005738,2,519,31.67
1728929191.9435213,3,518,26.28
1728929192.3162117,4,453,27.73
1728929192.6891828,1,475,27.22
1728929193.0495632,3,519,26.36
1728929193.4054735,2,519,31.67
1728929193.7812452,4,454,27.76
1728929194.1689456,1,475,27.27
1728929194.5186975,3,513,26.34
1728929194.8960757,2,519,31.9
1728929195.2429264,4,453,27.76
1728929195.6173398,1,471,27.3
1728929195.963792,3,514,26.36
1728929196.3211205,2,519,32.08
1728929196.693317,4,455,27.93
1728929197.0418577,3,515,26.36
1728929197.3875842,1,472,27.36
1728929197.7301579,2,519,32.11
1728929198,4,453,28.1
1728929198.4507706,3,515,26.36
1728929198.807388,1,473,27.39
1728929199.1672177,2,519,32.42
1728929199.5833905,4,451,28.18
1728929199.9593637,3,513,26.36
1728929200.3207545,2,519,32.5
1728929200.6971972,1,470,27.5
1728929201.1174471,4,451,28.18
1728929201.4720733,3,517,26.39
1728929201.8340166,2,518,32.55
1728929202.1900904,1,470,27.53
1728929202.5669236,4,478,28.18
1728929202.9260004,3,516,26.36
1728929203.2837796,2,520,32.92
1728929203.6589103,1,473,27.61
1728929204.0487595,4,519,28.21
1728929204.4038608,3,513,26.36
1728929204.8095357,2,519,32.92
1728929205.1740842,1,466,27.73
1728929205.511593,4,515,28.3
1728929205.8537617,3,516,26.42
1728929206.2161078,2,521,33.33
1728929206.6048217,1,467,27.67
1728929206.9955716,4,514,28.58
1728929207.3750496,3,512,26.48
1728929207.772081,2,520,33.33
1728929208.1949103,1,466,27.73
1728929208.5717885,4,515,28.61
1728929208.9480846,3,514,26.48
1728929209.3251474,2,520,33.72
1728929209.687945,1,465,27.84
1728929210.065579,4,512,28.64
1728929210.423429,3,513,26.48
1728929210.813909,2,519,33.75
1728929211.191704,1,466,27.9
1728929211.5650911,4,505,28.64
1728929212.0028114,3,510,26.68
1728929212.363363,2,519,34.17
1728929212.7396476,1,466,27.95
1728929213.0997348,4,510,28.72
1728929213.489062,3,508,26.68
1728929213.8486485,2,520,34.17
1728929214.2061567,1,461,28.13
1728929214.5698314,4,511,29.06
1728929214.9462454,3,509,26.68
1728929215.3536332,2,520,34.58
1728929215.7280788,1,461,28.1
1728929216.0867383,4,510,29.09
1728929216.446094,3,509,26.76
1728929216.8327153,2,520,34.69
1728929217.189279,1,465,28.35
1728929217.550678,4,508,29.09
1728929217.9252083,3,511,26.82
1728929218.2840433,2,520,35
1728929219,1,461,28.18
1728929219.0397146,4,508,29.18
1728929219.3872433,3,506,26.82
1728929219.7654803,2,519,35.33
1728929220.1565611,1,465,28.41
1728929220.5528076,4,509,29.52
1728929220.9327464,3,509,26.85
1728929221.2779968,2,520,35.33
1728929221.6720178,1,462,28.52
1728929222.0340655,4,508,29.55
1728929222.4264834,3,507,26.82
1728929222.8044717,2,521,35.67
1728929223.1649582,1,457,28.75
1728929223.520587,4,503,29.55
1728929223.8831735,3,511,26.82
1728929224.2403998,2,521,35.88
1728929224.6187801,1,461,28.78
1728929224.999327,4,504,29.74
1728929225.3574958,3,506,26.88
1728929225.717615,2,520,36
1728929226.0897186,1,458,28.81
1728929226.4538612,4,503,30
1728929227,3,506,27.02
1728929227.1885812,2,520,36.33
1728929227.5662038,1,456,28.95
1728929228,4,504,30
1728929228.3049228,3,508,27.05
1728929228.7161043,2,519,36.5
1728929229.0882974,1,455,29.01
1728929229.523648,4,503,30
1728929229.9149108,3,503,27.13
1728929230.2560644,2,519,36.69
1728929230.6302245,1,453,29.2
1728929231.0049798,4,504,30.36
1728929231.3811357,3,504,27.27
1728929231.7731633,2,519,37
1728929232.1642208,1,458,29.23
1728929232.534701,4,501,30.42
1728929232.9259362,3,506,27.27
1728929233.2851305,2,519,37.06
1728929233.6448512,1,452,29.35
1728929234.0251179,4,499,30.42
1728929234.3985434,2,519,37.33
1728929234.741261,3,504,27.27
1728929235.1000137,1,452,29.55
1728929235.4925404,4,497,30.76
1728929235.8537621,2,519,37.65
1728929236.229676,3,503,27.27
1728929236.6649868,1,455,29.77
1728929237.040683,4,497,30.83
1728929237.4007666,2,519,37.67
1728929237.7490044,3,505,27.3
1728929238.1258285,1,451,29.77
1728929238.4684258,4,495,30.83
1728929238.8399134,2,518,38
1728929239.2140107,3,503,27.3
1728929239.590556,1,449,29.83
1728929239.9637325,4,493,30.83
1728929240.3210862,2,520,38.06
1728929240.6927419,3,501,27.53
1728929241.0505629,1,449,29.97
1728929241.409181,4,488,31.22
1728929241.772109,2,520,38.33
1728929242.1334355,3,503,27.39
1728929242.4798057,1,448,30.1
1728929242.8366225,4,488,31.25
1728929243.2108667,2,521,38.65
1728929243.6335537,3,502,27.59
1728929243.9969647,1,446,30.16
1728929244.3690684,4,492,31.25
1728929244.7491915,2,520,38.67
1728929245,3,505,27.67
1728929245.4410708,1,447,30.18
1728929245.8191812,4,487,31.38
1728929246.1799743,2,520,38.96
1728929246.5560672,3,499,27.7
1728929246.9197724,1,446,30.34
1728929247.2763913,4,489,31.67
1728929247.6543446,2,519,39
1728929248.0176237,3,502,27.73
1728929248.393943,1,450,30.55
1728929248.7537553,4,483,31.67
1728929249.114915,2,519,39.31
1728929249.493035,3,502,27.73
1728929249.8333294,1,449,30.6
1728929250.2063384,4,487,31.67
1728929250.642427,2,519,39.33
1728929251.0191739,3,501,27.73
1728929251.393489,4,487,31.77
1728929251.7540994,1,440,30.63
1728929252.1192508,2,520,39.67
1728929252.5081964,3,496,27.78
1728929252.8681288,4,482,32.08
1728929253.2299783,1,445,30.68
1728929254,2,519,39.69
1728929253.9421883,3,495,27.81
1728929254.3053896,4,486,32.08
1728929254.6688335,1,446,30.83
1728929255.0320642,2,519,39.98
1728929255.3742845,3,499,27.9
1728929255.7657616,4,489,32.11
1728929256.108213,1,447,31.04
1728929256.5015411,2,520,40
1728929256.843582,3,497,27.95
1728929257.1883767,4,490,32.14
1728929257.6129842,1,441,30.94
1728929258.025516,2,520,40.18
1728929258.4334936,3,494,28.01
1728929258.7806559,4,490,32.45
1728929259.1340077,1,440,31.04
1728929259.4946623,2,519,40.29
1728929259.8548996,3,495,28.13
1728929260.2179718,4,487,32.5
1728929260.605852,2,521,40.53
1728929260.9468331,1,441,31.2
1728929261.3085256,3,492,28.18
1728929261.6555393,4,488,32.5
1728929262.078917,2,519,40.59
1728929262.4861114,1,442,31.25
1728929262.850104,3,496,28.18
1728929263.2086346,4,480,32.5
1728929263.5852406,2,519,40.63
1728929263.943432,1,441,31.35
1728929264.2853618,3,496,28.18
1728929264.7217464,4,482,32.73
1728929265.0830202,2,519,40.88
1728929265.4366567,3,494,28.24
1728929265.7856688,1,440,31.43
1728929266.165882,4,480,32.92
1728929266.5100405,2,519,40.88
1728929266.857958,3,492,28.21
1728929267.2170465,1,440,31.38
1728929267.5893502,4,481,32.92
1728929267.9536679,2,519,41.16
1728929268.299086,3,491,28.3
1728929268.6896799,1,440,31.67
1728929269.0674117,4,478,32.92
1728929269.411435,2,519,41.18
1728929269.769178,3,488,28.47
1728929270.1263194,1,439,31.67
1728929270.4886875,2,519,41.29
1728929270.9212499,4,474,32.94
1728929271.3044746,3,491,28.55
1728929271.7570999,1,439,31.85
1728929272.1163397,2,520,41.47
1728929272.5031462,4,462,33.26
1728929272.8740232,3,493,28.58
1728929273.2336502,1,437,31.72
1728929273.5932987,2,519,41.47
1728929273.9353018,4,444,33.33
1728929274.2932684,3,488,28.64
1728929274.656123,1,434,31.9
1728929275.0112073,2,520,41.62
1728929275.3700757,4,430,33.33
1728929275.7608933,3,483,28.64
1728929276.136046,1,434,32.03
1728929276.4993029,2,519,41.76
1728929276.8569586,4,430,33.33
1728929277.2292337,3,479,28.66
1728929277.5851424,1,431,32.08
1728929278,2,520,41.76
1728929278.3195145,4,420,33.39
1728929278.7127347,3,475,28.89
1728929279.0892806,1,430,32.24
1728929279.5438354,2,520,41.76
1728929279.9044552,4,418,33.59
1728929280.2604613,3,478,29.09
1728929280.636403,2,520,41.88
1728929280.982486,1,426,32.21
1728929281.354935,4,416,33.75
1728929281.7014003,3,476,29.23
1728929282.0780568,2,519,41.99
1728929282.4382262,1,426,32.29
1728929282.800666,4,415,33.75
1728929283.1606858,3,474,29.55
1728929283.5019221,2,520,42.06
1728929283.882087,1,424,32.4
1728929284.2528296,4,416,33.75
1728929284.635727,3,475,29.94
1728929285.0208075,2,519,42.06
1728929285.3807194,1,428,32.58
1728929285.8039052,4,411,33.78
1728929286.1641924,3,476,30.21
1728929286.5722036,2,519,42.06
1728929287.0418088,1,427,32.63
1728929287.4629383,4,414,34.01
1728929287.9002485,3,474,30.44
1728929288.3085876,2,519,42.06
1728929288.7174044,1,422,32.6
1728929289.1356347,4,411,34.14
1728929289.527162,3,469,30.83
1728929289.962607,2,519,42.06
1728929290.3586595,1,417,32.81
1728929290.7346764,4,407,34.17
1728929291.1470313,3,467,31.2
1728929292,2,519,42.06
1728929291.9285228,1,421,32.92
1728929292.3023407,4,408,34.17
1728929292.6802888,3,467,31.41
1728929293.0367417,2,519,42.06
1728929293.486354,1,417,32.99
1728929294,4,406,34.22
1728929294.2079983,3,469,31.72
1728929294.616896,2,520,42.06
1728929294.989682,1,419,33.07
1728929295.3529065,4,406,34.45
1728929295.7270453,3,470,32.08
1728929296.1156495,2,521,42.06
1728929296.4799426,1,421,33.23
1728929296.8722105,4,403,34.58
1728929297.2190495,3,467,32.5
1728929297.5979881,2,521,42.06
1728929297.9569006,1,418,33.33
1728929298.315475,4,403,34.58
1728929298.6917472,3,473,32.81
1728929299.0694556,2,519,42.06
1728929299.4446924,1,425,33.44
1728929299.8085487,4,400,34.61
1728929300.185453,3,469,33.07
1728929300.6355264,2,519,42.06
1728929300.9823666,1,422,33.52
1728929301.3418376,4,398,34.77
1728929301.7191658,3,468,33.36
1728929302.0677092,2,519,42.06
1728929302.4260569,1,426,33.67
1728929302.7840831,4,400,35
1728929303.1688588,3,468,33.75
1728929303.5286987,2,519,42.06
1728929303.9169154,1,425,33.85
1728929304.280952,4,395,35
1728929304.6549952,3,466,34.17
1728929305.030734,2,519,42.06
1728929305.3922358,1,428,33.85
1728929305.7710254,4,383,35
1728929306.1473398,3,463,34.56
1728929306.5074751,2,519,42.06
1728929306.8843806,1,427,33.96
1728929307.2557704,4,382,35.15
1728929307.6977952,3,462,34.97
1728929308.0576649,2,519,42.06
1728929308.448665,1,424,34.17
1728929308.8270838,4,382,35.33
1728929309.1742356,3,459,35.27
1728929309.5494497,2,520,42.04
1728929309.9252288,1,424,34.17
1728929310.2688372,4,379,35.33
1728929310.6284308,3,455,35.6
1728929311.0045526,2,519,42.06
1728929311.3920107,1,423,34.35
1728929311.7516818,3,453,35.92
1728929312.1160297,4,380,35.33
1728929312.5063546,2,520,42.06
1728929312.8764188,1,427,34.51
1728929313.2388048,3,455,36.33
1728929313.5968397,4,376,35.48
1728929313.9728167,2,520,42.06
1728929314.3173287,1,426,34.64
1728929314.7520444,4,378,35.67
1728929315.1324198,3,453,36.67
1728929315.5064065,2,520,42.04
1728929315.8701773,1,427,34.77
1728929316.2501917,4,381,35.67
1728929316.6289158,3,449,37.08
1728929316.9852464,2,520,42.06
1728929317.328562,1,427,34.97
1728929317.7196155,4,373,35.67
1728929318.0947974,3,449,37.54
1728929318.454774,2,519,42.06
1728929318.8147411,1,433,35.1
1728929319.189314,4,373,35.98
1728929319.5811622,3,449,38
1728929320.0081866,2,519,42.04
1728929320.4332829,1,432,35.13
1728929320.808854,4,368,36
1728929321.1888123,3,449,38.35
1728929321.5354173,2,519,42.06
1728929321.9745786,1,434,35.38
1728929322.3491032,4,369,36
1728929322.7413743,3,447,38.81
1728929323.120392,2,520,42.04
1728929323.481043,1,438,35.46
1728929323.853319,4,368,36.27
1728929324.2125933,3,449,39.31
1728929324.5865636,2,519,42.04
1728929324.974993,1,442,35.67
1728929325.3180122,4,372,36.33
1728929325.6943538,3,447,39.67
1728929326.041708,2,520,42.06
1728929326.4025934,1,440,35.77
1728929326.779535,4,370,36.33
1728929327.1401436,3,452,40.11
1728929327.515734,2,520,42.06
1728929327.8909404,1,443,35.94
1728929328.2516985,4,371,36.67
1728929328.6284378,3,447,40.48
1728929329.067119,2,519,42.06
1728929329.4077644,1,436,36.08
1728929329.8189983,4,363,36.67
1728929330.195216,3,445,40.79
1728929330.5381794,2,520,42.02
1728929330.9148817,1,439,36.21
1728929331.2879198,4,368,36.75
1728929331.6678813,3,448,40.99
1728929332.0288079,2,521,42.06
1728929332.388302,1,438,36.4
1728929332.7782106,4,366,37
1728929333.1539428,3,448,41.18
1728929333,2,520,42.06
1728929333.868743,1,438,36.52
1728929334.2167997,4,489,37
1728929334.5940099,3,446,41.47
1728929334.9647586,2,519,42.06
1728929335.3209548,1,437,36.75
1728929335.7145226,4,493,37.04
1728929336.1357522,3,443,41.56
1728929336.5090454,2,519,42.06
1728929336.9008245,1,438,36.81
1728929337.262313,4,425,37.31
1728929337.622475,3,444,41.76
1728929338.0118344,2,520,42.06
1728929338.351505,1,434,36.98
1728929338.741336,4,371,37.33
1728929339.0989845,3,441,41.76
1728929339.4647603,2,519,42.06
1728929339.847635,1,433,37.08
1728929340.2236414,4,374,37.33
1728929340.5864813,3,438,41.82
1728929340.9755194,2,519,42.06
1728929341.346608,1,437,37.17
1728929341.6882665,4,377,37.52
1728929342.0479722,3,439,41.93
1728929342.439536,2,519,42.06
1728929342.797826,1,439,37.4
1728929343.223948,4,376,37.63
1728929343.5857525,3,437,41.97
1728929343.960293,1,441,37.44
1728929344.318859,2,520,42.06
1728929344.6810896,4,377,37.67
1728929345.0582914,3,438,41.99
1728929345.421345,1,440,37.52
1728929345.7853873,2,519,42.06
1728929346.131726,4,382,37.67
1728929346.4922526,3,436,42.02
1728929346.852559,1,440,37.56
1728929347.2471695,2,519,42.06
1728929347.6109543,4,685,37.67
1728929348,3,433,41.97
1728929348.3834825,1,444,37.67
1728929348.8045428,2,519,42.06
1728929349.1645012,4,689,37.67
1728929349.509836,3,432,41.97
1728929349.8822153,1,445,37.69
1728929350.3199782,2,520,42.06
1728929350.681749,4,688,37.6
1728929351.0425503,3,435,41.89
1728929351.4007204,1,446,37.69
1728929351.7851024,2,521,42.06
1728929352.160075,4,689,37.52
1728929352.5184412,3,431,41.89
1728929352.9050846,1,444,37.71
1728929353.2803752,2,519,42.06
1728929353.6369927,4,680,37.35
1728929353.979735,3,434,41.82
1728929354.3384633,1,445,37.71
1728929354.7107854,2,520,42.06
1728929355.096873,4,692,37.35
1728929355.4558477,3,433,41.76
1728929355.8178372,1,442,37.73
1728929356.2203956,2,520,42.06
1728929356.5874045,4,698,37.33
1728929356.9866183,3,433,41.76
1728929357.3933332,1,444,37.69
1728929357.7542872,2,519,42.06
1728929358.1387858,4,695,37.33
1728929358.4970667,3,429,41.73
1728929358.8585515,1,446,37.67
1728929359.2316992,2,519,42.04
1728929359.6028843,4,695,37.33
1728929359.9642854,3,432,41.64
1728929360.3393118,1,447,37.69
1728929360.7338345,2,519,42.02
1728929361.095446,4,695,37.33
1728929361.4552717,3,435,41.56
1728929361.8186054,1,450,37.63
1728929362.1954436,2,519,41.88
1728929362.5413136,4,695,37.33
1728929362.9187806,3,435,41.47
1728929363.2898476,1,450,37.69
1728929363.668139,2,519,41.82
1728929364.0575678,4,684,37.31
1728929364.4789124,3,434,41.47
1728929364.853789,2,520,41.76
1728929365.2283812,1,452,37.6
1728929365.5709336,4,696,37.08
1728929365.9281445,3,433,41.38
1728929366.2854695,2,520,41.76
1728929366.6312208,1,448,37.56
1728929367.0088618,4,680,37.15
1728929367.3808424,3,434,41.31
1728929367.759638,2,520,41.76
1728929368.133739,1,447,37.5
1728929368.5701022,4,695,37.02
1728929369.0851195,3,433,41.19
1728929369.507937,2,521,41.76
1728929369.9334257,1,443,37.52
1728929370.3137205,4,692,37.02
1728929370.6570852,3,431,41.18
1728929371.0126388,2,521,41.76
1728929371.3848364,1,446,37.5
1728929371.8054292,4,697,37
1728929372.165338,3,435,41.14
1728929372.5560493,2,520,41.76
1728929372.9320188,1,443,37.46
1728929373.279465,4,696,37
1728929373.6395786,3,434,41.07
1728929373.999695,2,519,41.76
1728929374.3567412,1,447,37.44
1728929374.6987462,4,698,37
1728929375.059575,3,436,40.92
1728929375.4510875,2,519,41.73
1728929375.808841,1,444,37.4
1728929376.1859787,4,699,37
1728929376.5509968,3,432,40.88
1728929376.911854,2,519,41.69
1728929377.2720892,1,447,37.33
1728929377.619356,4,699,37
1728929377.9804306,3,433,40.86
1728929378.3418846,2,519,41.6
1728929378.7507894,1,448,37.42
1728929379.0963995,4,701,37
1728929379.440043,3,433,40.79
1728929379.8175232,2,519,41.51
1728929380.1909413,1,448,37.35
1728929380.5673296,4,700,37
1728929380.912141,3,434,40.72
1728929381.2698553,2,519,41.47
1728929381.6189644,1,444,37.38
1728929381.9494803,4,703,37
1728929382.304448,3,432,40.61
1728929383,2,519,41.47
1728929383.0104795,1,443,37.31
1728929383,4,702,37
1728929384,3,433,40.59
1728929384.201079,2,519,41.47
1728929385,1,444,37.27
1728929384.9375193,4,698,37
1728929385.3172357,3,434,40.57
1728929385.753972,2,519,41.47
1728929386.1232884,1,442,37.27
1728929386.4632642,4,700,37
1728929386.8104463,3,432,40.44
1728929387.168893,2,519,41.47
1728929388,1,437,37.25
1728929387.8947408,4,698,36.92
1728929388.2381742,3,436,40.35
1728929388.6160536,1,443,37.23
1728929388.9714565,2,519,41.47
1728929389.3455205,4,705,36.96
1728929389.6891277,3,434,40.29
1728929390.0314517,1,445,37.21
1728929390.3936093,2,519,41.47
1728929390.750786,4,703,36.88
1728929391.128092,3,433,40.29
1728929391.4842846,1,439,37.13
1728929391.8621433,2,519,41.45
1728929392.2079237,4,701,36.81
1728929392.628359,3,431,40.22
1728929392.9850817,1,442,37.13
1728929393.3257961,2,519,41.38
1728929393.6881268,4,704,36.81
1728929394.0330315,3,434,40.17
1728929394.3960614,1,440,37.1
1728929394.7601116,2,519,41.25
1728929395.1344965,4,704,36.75
1728929395.5147917,3,431,40.06
1728929395.8895257,1,443,37
1728929396.2513726,2,519,41.18
1728929396.6152284,4,700,36.69
1728929396.9918475,3,434,40
1728929397.352263,1,446,37.02
1728929397.7224889,2,519,41.18
1728929398.1433573,4,693,36.73
1728929398.502768,3,435,39.98
1728929398.864117,1,443,37.19
1728929399.2275326,2,520,41.18
1728929399.655344,4,713,36.69
1728929400.0106764,3,433,39.94
1728929400.388413,1,440,37.08
1728929400.764624,2,519,41.18
1728929401.1423059,4,698,36.67
1728929401.500001,3,436,39.83
1728929401.8609712,1,440,37.02
1728929402.2199585,2,519,41.18
1728929402.5837214,4,706,36.67
1728929402.9304416,3,436,39.79
1728929403.3026214,1,444,37.02
1728929403.6618807,2,519,41.18
1728929404.022042,4,706,36.67
1728929404.3838596,3,441,39.69
1728929404.7615068,1,443,37.06
1728929405.1222181,2,520,41.16
1728929405.4829662,4,710,36.67
1728929405.8580227,3,436,39.67
1728929406.2025464,1,442,37.02
1728929406.6387546,2,520,41.16
1728929407.0002985,4,704,36.67
1728929407.3486998,3,436,39.65
1728929407.7586536,1,445,36.94
1728929408.1306813,2,521,41.18
1728929408.477045,4,697,36.67
1728929409,3,436,39.58
1728929409.1941168,1,442,36.94
1728929409.5530999,2,520,41.05
1728929409.9010663,4,703,36.67
1728929410.2480443,3,434,39.52
1728929410.6220918,1,442,36.92
1728929410.9849484,2,519,40.94
1728929411.3419714,4,707,36.67
1728929411.7031243,3,434,39.44
1728929412.0820851,1,445,36.83
1728929412.459577,2,520,40.9
1728929412.8186913,4,708,36.67
1728929413.1624997,3,436,39.33
1728929413.5806873,1,446,36.75
1728929413.9255333,2,519,40.88
1728929414.2837706,4,712,36.67
1728929414.6444595,3,437,39.33
1728929414.9870229,1,444,36.77
1728929415.366095,2,519,40.88
1728929415.7234552,4,708,36.67
1728929416.0702977,3,440,39.31
1728929416.449784,1,443,36.81
1728929416.8125713,2,519,40.88
1728929417.1867337,4,708,36.67
1728929417.5645125,3,437,39.29
1728929417.8949194,1,443,36.79
1728929418.2540772,2,519,40.88
1728929419,4,707,36.67
1728929418.9708862,3,435,39.19
1728929419.317166,1,450,36.75
1728929419.6719143,2,520,40.88
1728929420.0319624,4,713,36.67
1728929420.450161,3,442,39.15
1728929420.8231957,1,440,36.75
1728929421.1676655,2,519,40.88
1728929421.532878,4,705,36.67
1728929421.8802006,3,438,39.1
1728929422.225013,1,444,36.75
1728929422.587227,2,520,40.85
1728929422.9490094,4,710,36.65
1728929423.2957027,3,436,39
1728929423.6842124,1,444,36.73
1728929424.108829,2,520,40.86
1728929424.5367424,4,709,36.67
1728929424.9152071,3,439,39
1728929425.3087645,1,445,36.73
1728929425.7177415,2,521,40.81
1728929426.1435835,4,706,36.6
1728929426.521113,3,443,39
1728929426.9726496,2,519,40.61
1728929427.3581936,1,445,36.71
1728929427.8083167,4,710,36.54
1728929428.215113,3,438,39
1728929428.6217346,2,519,40.59
1728929429.022104,1,445,36.73
1728929429.4278793,4,707,36.48
1728929429.8346167,3,439,38.94
1728929430.2401698,2,519,40.59
1728929430.6441827,1,443,36.71
1728929431.0621421,4,704,36.54
1728929431.4829195,3,436,38.81
1728929431.8914888,2,519,40.59
1728929432.2848263,1,449,36.67
1728929432.6943028,4,704,36.4
1728929433,3,439,38.77
1728929433.5027065,2,519,40.59
1728929433.9286032,1,445,36.65
1728929434.3378599,4,714,36.4
1728929434.748519,3,433,38.71
1728929435.148127,2,519,40.59
1728929435.5962539,1,445,36.65
1728929436.000397,4,701,36.42
1728929436.4066465,3,439,38.67
1728929436.8286304,2,519,40.59
1728929437.231098,1,446,36.65
1728929437.6359794,4,714,36.35
1728929438.0406451,3,438,38.67
1728929438.4678836,2,519,40.57
1728929438.906385,1,443,36.63
1728929439.298833,4,704,36.33
1728929439.689215,3,438,38.67
1728929440.109045,2,519,40.55
1728929440.5330975,1,442,36.54
1728929440.954329,4,710,36.33
1728929441,3,443,38.67
1728929441.7450333,2,518,40.44
1728929442.083275,1,447,36.54
1728929442.4297419,4,712,36.33
1728929442.776603,3,441,38.63
1728929443.226423,2,520,40.4
1728929443.5752373,1,444,36.54
1728929443.9329696,4,708,36.33
1728929444.274997,3,434,38.54
1728929444.6524932,2,520,40.29
1728929445.0115004,1,441,36.52
1728929445,4,709,36.33
1728929445.7059965,3,436,38.5
1728929446.067386,2,520,40.29
1728929446.4284668,1,448,36.52
1728929446.7881904,4,708,36.33
1728929447.1264732,3,442,38.42
1728929447.472641,2,519,40.29
1728929447.8369186,1,442,36.48
1728929448.2115655,4,708,36.33
1728929448.5582213,3,439,38.35
1728929448.906013,2,520,40.29
1728929449.2660897,1,445,36.46
1728929449.6081107,4,711,36.33
1728929449.9972906,3,438,38.33
1728929450.3566282,2,519,40.29
1728929450.7183895,1,448,36.46
1728929451.0657399,4,711,36.33
1728929451.4109964,3,438,38.33
1728929451.7712142,2,519,40.29
1728929452.1372235,1,445,36.4
1728929452.482069,4,719,36.33
1728929452.8438807,3,438,38.33
1728929453.185323,2,519,40.28
1728929453.5166018,1,445,36.33
1728929453.872659,4,711,36.33
1728929454.2122736,3,436,38.33
1728929454.5585122,2,519,40.29
1728929454.9176083,1,448,36.38
1728929455,4,701,36.33
1728929455.6134956,3,439,38.33
1728929455.985035,2,519,40.26
1728929456.3600595,1,444,36.44
1728929456.7700021,4,713,36.33
1728929457.0971038,3,441,38.19
1728929457.4545481,2,519,40.17
1728929457.801279,1,446,36.4
1728929458.1602454,4,710,36.33
1728929458.5010297,3,440,38.27
1728929458.8477395,2,519,40.07
1728929459.196194,1,445,36.38
1728929459.5381737,4,710,36.33
1728929459.9766603,3,438,38.15
1728929460.3344617,2,520,40.02
1728929460.6976612,1,447,36.38
1728929461.061146,4,707,36.33
1728929461,3,437,38.06
1728929461.7278605,2,520,40
1728929462.090059,1,443,36.38
1728929462.4324176,4,717,36.33
1728929462.7950015,3,436,38.06
1728929463.135288,2,521,40
1728929463.5317261,1,445,36.38
1728929463.904426,4,702,36.33
1728929464.262624,3,441,38.04
1728929464.6207027,2,520,40
1728929464.9670498,1,443,36.4
1728929465.3282828,4,710,36.33
1728929465.674408,3,440,38
1728929466.0167804,2,519,40
1728929466.377677,1,439,36.33
1728929467,4,696,36.33
1728929467.0675213,3,440,38
1728929467.4275742,2,519,40
1728929467.7912323,1,447,36.35
1728929468.1396472,4,711,36.31
1728929468.4830616,3,436,38
1728929468.8622398,2,519,40
1728929469.185518,1,446,36.31
1728929469.5441089,4,713,36.31
1728929469.872759,3,441,37.98
1728929470,2,519,40
1728929470.6377163,1,446,36.29
1728929471.009827,4,716,36.21
1728929471.3578331,3,438,37.96
1728929471.7186651,2,519,40
1728929472.0684915,1,445,36.25
1728929472.3920877,3,441,37.96
1728929472.7527702,4,714,36.27
1728929473.0970435,2,519,39.94
1728929473.4408178,1,450,36.21
1728929473.801142,3,442,37.83
1728929474.156939,4,716,36.17
1728929474.502766,1,448,36.23
1728929474.8757002,2,520,39.79
1728929475.2193115,3,440,37.88
1728929475.5822008,4,711,36.15
1728929475.9234958,1,448,36.23
1728929476.3016694,2,520,39.69
1728929476.666536,3,437,37.81
1728929477.1040294,4,714,36.13
1728929477.4575682,1,444,36.17
1728929478,2,520,39.69
1728929478.1577437,3,434,37.77
1728929478.5070608,4,715,36.06
1728929478.883648,1,438,36.13
1728929479.2831638,2,520,39.67
1728929479.7322645,4,710,36.06
1728929480.138794,3,434,37.67
1728929480.5328631,1,442,36.17
1728929480.900767,2,520,39.67
1728929481.2935054,4,708,36.06
1728929481.6539066,3,438,37.69
1728929481.9822576,1,438,36.1
1728929482.3561325,2,520,39.67
1728929482.7181947,4,730,36.04
1728929483.113255,3,434,37.69
1728929483.4583652,1,435,36.1
1728929483.8327978,2,519,39.67
1728929484.251918,4,719,36
1728929484.6086223,3,437,37.65
1728929484.955138,1,438,36.1
1728929485.300824,2,519,39.67
1728929485.6461425,4,715,36.04
1728929485.994031,3,435,37.67
1728929486.3560414,1,433,36.15
1728929486.7155275,2,519,39.67
1728929487.0723917,4,717,36
1728929487.4334488,3,435,37.67
1728929487.8061934,1,439,36.1
1728929488.1823013,2,519,39.67
1728929488.5265667,4,715,36
1728929488.891141,3,435,37.58
1728929489.2526877,1,435,36.08
1728929489.6144078,2,519,39.67
1728929489.9753108,4,716,36
1728929490.3339224,3,438,37.54
1728929490.6980145,1,435,36.1
1728929491,2,519,39.6
1728929491.482035,4,719,36.02
1728929491.8418157,3,436,37.54
1728929492.2197447,1,437,36.08
1728929492.5930848,2,519,39.52
1728929492.9531593,4,714,36
1728929493.2991698,3,438,37.48
1728929493.643609,1,439,36.08
1728929494.010998,2,519,39.38
1728929494.348001,4,711,36
1728929494.6772106,3,436,37.48
1728929495.0361161,1,435,36.1
1728929495.3959482,2,519,39.33
1728929495.7597294,4,708,36
1728929496.1132717,3,435,37.4
1728929496.4744043,1,437,36.08
1728929496.8508966,2,520,39.33
1728929497.2132895,4,721,36.02
1728929497.5413942,3,438,37.4
1728929497.9656982,1,438,36.1
1728929498,2,520,39.33
1728929498.6699972,4,719,36
1728929499.014688,3,437,37.35
1728929499.3534255,1,444,36.06
1728929499.7276337,2,521,39.33
1728929500.1000774,4,716,36
1728929500.4604964,3,434,37.33
1728929500.8332512,1,438,36.08
1728929501.1933215,2,520,39.33
1728929501.5503192,4,715,36
1728929501.908463,3,434,37.33
1728929502.2686546,1,437,36.04
1728929502.6170275,2,520,39.33
1728929503.0067387,4,718,36
1728929503.3661933,3,438,37.33
1728929503.7125862,1,439,36.04
1728929504.0858982,2,519,39.33
1728929504.480044,4,717,36
1728929504.9311378,3,436,37.33
1728929505.3410747,1,443,36.06
1728929505.720375,2,519,39.33
1728929506.0958989,4,716,36
1728929506.4564068,3,437,37.33
1728929506.8175945,1,441,36.02
1728929507.1794581,2,519,39.29
1728929507.5408053,4,721,36
1728929507.886379,3,437,37.33
1728929508.2479165,1,441,36.04
1728929508.6087968,2,519,39.25
1728929508.9681773,4,721,36
1728929509.3300097,3,440,37.25
1728929509.675878,1,444,36.02
1728929510.0485952,2,519,39.17
1728929510.4426708,4,717,36
1728929510.804151,3,435,37.27
1728929511.1777408,1,439,36.04
1728929511.541265,2,519,39.08
1728929511.9825494,4,716,36
1728929512.3629017,3,439,37.23
1728929512.7230601,1,442,36.04
1728929513.1009874,2,518,39
1728929513.4725568,4,721,36
1728929513.8349934,3,434,37.17
1728929514.1881378,2,519,39
1728929514.5505195,1,435,36.04
1728929514.9303517,4,716,36
1728929515.2869601,3,439,37.15
1728929515.6627467,2,519,39
1728929516.0343256,1,439,36
1728929516.4118295,4,715,36
1728929516.7723663,3,435,37.08
1728929517.119678,2,520,39
1728929517.4822023,1,439,36
1728929517.8402271,4,719,36
1728929518.2007093,3,437,37.06
1728929518.5801244,2,520,39
1728929519.0046816,1,440,36.02
1728929519,4,717,36
1728929519.6996417,3,434,37.04
1728929520.072662,2,520,39
1728929520.4350224,1,443,35.96
1728929520.7923436,4,717,36
1728929521.150618,3,439,37.04
1728929521.5116653,2,519,39
1728929521.8850605,1,442,35.96
1728929522.2795358,4,714,36
1728929522.6517763,3,438,37.02
1728929523.0006378,2,519,39
1728929523.343868,1,437,35.9
1728929523.7201536,4,722,36
1728929524.0627663,3,436,37
1728929524.424778,2,520,38.98
1728929524.782586,1,438,35.9
1728929525.1419957,4,723,35.98
1728929525.4853852,3,435,37
1728929525.8904843,2,519,38.98
1728929526.2513485,1,438,35.81
1728929526.6393898,4,716,36
1728929526.9593425,3,434,37
1728929527.3213854,2,519,38.9
1728929527.6978683,1,434,35.88
1728929528.0730717,4,721,35.85
1728929528.4323115,3,436,37
1728929528.8086255,2,520,38.81
1728929529.163935,1,439,35.88
1728929529.538617,4,723,35.96
1728929529.9146895,2,520,38.71
1728929530.2684367,3,435,36.96
1728929530.631223,1,436,35.79
1728929531.0055733,4,715,35.94
1728929531.370313,2,520,38.67
1728929531.7647593,3,436,36.94
1728929532.1368356,1,437,35.81
1728929532.5037272,4,718,35.85
1728929532.9563904,2,520,38.67
1728929533.3150218,3,434,36.94
1728929533.7035272,1,440,35.85
1728929534.1116304,4,702,35.88
1728929534.487626,2,520,38.67
1728929534.8646202,3,438,36.85
1728929535.2544224,1,442,35.79
1728929535.6493053,4,716,35.85
1728929536.041554,2,520,38.67
1728929536.4324696,3,433,36.85
1728929536.8081024,1,437,35.81
1728929537.1975749,4,713,35.79
1728929537.5932777,2,519,38.67
1728929537.9705408,3,439,36.81
1728929538.3439162,1,438,35.79
1728929538.749156,4,718,35.75
1728929539.1228747,2,519,38.67
1728929539.5149941,3,438,36.81
1728929539.903871,1,437,35.79
1728929540.3405366,4,727,35.71
1728929540.7470706,2,519,38.67
1728929541.1376112,3,437,36.79
1728929541.531278,1,438,35.77
1728929541.9276752,4,711,35.71
1728929542.3329508,2,519,38.67
1728929542.7047231,3,435,36.75
1728929543.1159008,1,439,35.73
1728929543.5004685,4,715,35.69
1728929543.8921483,2,519,38.67
1728929544.3679428,3,434,36.71
1728929544.7884574,1,441,35.75
1728929545.6224346,4,705,35.77
1728929546.0615723,2,519,38.65
1728929546.4425209,1,436,35.77
1728929547,3,440,36.71
1728929547.1755471,4,712,35.69
1728929547.7680376,2,519,38.6
1728929548.1488733,1,438,35.77
1728929548.670152,4,720,35.73
1728929549.1111727,3,437,36.67
1728929549.5025947,1,436,35.77
1728929549.9226737,2,520,38.6
1728929550.3471675,4,716,35.69
1728929550.7642472,3,436,36.67
1728929551.2024496,1,442,35.77
1728929551.6391928,2,519,38.44
1728929552.065569,4,719,35.69
1728929552.5322802,3,438,36.67
1728929552.9770982,1,441,35.75
1728929553.4251368,2,520,38.4
1728929553.8504405,4,716,35.69
1728929554.2571616,3,438,36.67
1728929554.6883817,1,441,35.73
1728929555.138459,2,521,38.38
1728929555.5460773,4,717,35.67
1728929556.0522745,3,438,36.67
1728929556.375526,1,444,35.73
1728929556.962082,2,521,38.38
1728929557.4196324,4,724,35.67
1728929557.945408,1,442,35.71
1728929558.3887165,3,441,36.67
1728929558.8199997,2,519,38.33
1728929559.2693894,4,719,35.67
1728929559.7514834,3,437,36.63
1728929560.1868007,1,439,35.69
1728929560.988516,2,520,38.33
1728929561.4377482,4,716,35.67
1728929561.846162,1,444,35.71
1728929562.2210844,3,439,36.58
1728929562.614538,2,519,38.33
1728929562.977431,4,720,35.67
1728929563.3318088,1,440,35.69
1728929563.8081412,3,438,36.6
1728929564.206598,2,520,38.33
1728929564.7598197,4,732,35.67
1728929565.1088753,1,442,35.71
1728929565.456193,2,520,38.33
1728929565.7383208,3,440,36.56
1728929566.069893,4,718,35.67
1728929566.337472,1,444,35.69
1728929566.6691456,2,520,38.33
1728929567,3,440,36.54
1728929567.2674363,4,725,35.67
1728929567.5835698,1,447,35.71
1728929567.9500325,2,519,38.33
1728929568.2666445,3,437,36.54
1728929568.5630286,4,722,35.67
1728929568.8486464,1,439,35.67
1728929569.164368,2,519,38.31
1728929569.4807475,3,442,36.52
1728929569.797882,4,720,35.67
1728929570.083598,1,444,35.69
1728929570.4126773,2,519,38.31
1728929570.8359523,3,437,36.48
1728929571.2513027,4,721,35.67
1728929571.707296,1,442,35.73
1728929572.0213883,2,520,38.33
1728929572.4027963,3,439,36.44
1728929572.714748,4,724,35.67
1728929573.0313518,1,443,35.65
1728929573.3304226,2,520,38.25
1728929573.6476014,3,439,36.46
1728929573.9664047,4,721,35.67
1728929574.2461746,1,440,35.65
1728929574.5474248,2,521,38.27
1728929574.8176284,3,441,36.38
1728929575.1017773,4,710,35.67
1728929575.3838346,1,440,35.63
1728929575.689681,2,520,38.02
1728929576.0523736,3,439,36.38
1728929576.3849854,4,723,35.67
1728929576.699664,1,436,35.56
1728929577.000968,2,519,38.06
1728929577.2842963,3,435,36.38
1728929577.6322713,4,713,35.67
1728929577.9328153,1,436,35.6
1728929578.2345147,2,519,38.04
1728929578.5204759,3,438,36.38
1728929578.8535762,4,733,35.67
1728929579.1415493,1,439,35.6
1728929579.4891956,2,519,38
1728929579.834053,3,435,36.33
1728929580.1211772,4,726,35.67
1728929580.3901255,1,433,35.54
1728929580.7217166,2,519,38
1728929581,3,436,36.33
1728929581.2925963,4,717,35.67
1728929581.5935261,1,435,35.42
1728929581.8951902,2,519,38
1728929582.1939056,3,442,36.33
1728929582.4795356,4,728,35.67
1728929582.7476609,1,440,35.56
1728929583.0162365,2,519,38
1728929583.3340268,3,444,36.33
1728929583.6192348,4,731,35.67
1728929583.8889468,1,438,35.54
1728929584.1709075,2,520,38
1728929584.4581559,3,440,36.33
1728929584.745156,4,718,35.67
1728929585.0277123,1,440,35.5
1728929585.2946768,2,520,38
1728929585.5806806,3,442,36.33
1728929585.8497167,4,743,35.67
1728929586.119086,1,438,35.52
1728929586.4106176,2,520,38
1728929586.736648,3,440,36.33
1728929587.0377874,4,731,35.67
1728929587.385059,1,435,35.5
1728929587.669107,2,520,38
1728929587.9530535,3,442,36.33
1728929588.241779,4,729,35.67
1728929588.5320754,1,438,35.56
1728929588.8696437,2,520,38
1728929589.1688628,3,443,36.33
1728929589.4392033,4,726,35.65
1728929589.708227,1,439,35.5
1728929589.9775808,2,520,38
1728929590.2641644,3,440,36.23
1728929590.5495641,4,748,35.67
1728929590.8176463,1,437,35.48
1728929591.0857997,2,519,37.96
1728929591.3862197,3,442,36.23
1728929591.6718006,4,733,35.67
1728929591.9531038,1,439,35.5
1728929592.365217,2,519,37.92
1728929592.696917,3,440,36.23
1728929593.014034,4,735,35.63
1728929593.3473372,1,441,35.44
1728929593.6504486,2,519,37.81
1728929593.9812481,3,446,36.17
1728929594.3011773,4,731,35.65
1728929594.7731502,1,441,35.44
1728929595.0741427,2,519,37.71
1728929595.374142,3,445,36.17
1728929595.6592453,4,732,35.63
1728929595.945463,1,447,35.4
1728929596.2464778,2,519,37.71
1728929596.5482976,3,443,36.04
1728929596.8943684,4,737,35.67
1728929597.1944225,1,444,35.46
1728929597.4948487,2,519,37.69
1728929597.7803738,3,447,36.13
1728929598.064386,4,732,35.56
1728929598.3190296,1,442,35.46
1728929598.6045756,2,519,37.69
1728929598.8886282,3,442,36.06
1728929599.1565158,4,736,35.63
1728929599.4418905,1,438,35.42
1728929599.7273753,2,519,37.67
1728929600.0327275,3,442,36.04
1728929600.3626876,4,730,35.48
1728929600.6607645,1,439,35.44
1728929600.9432795,2,519,37.67
1728929601.2435355,3,444,36.06
1728929601.5443895,4,735,35.5
1728929601.8304322,1,441,35.46
1728929602.163075,2,520,37.67
1728929602.448121,3,443,36.02
1728929602.7492852,4,740,35.46
1728929603,1,441,35.46
1728929603.3785043,2,520,37.67
1728929603.6796496,3,446,36
1728929603.9654038,4,727,35.46
1728929604.2489803,1,440,35.44
1728929604.5494943,2,521,37.67
1728929604.8345263,3,445,36
1728929605.1182995,4,739,35.4
1728929605.4033575,1,443,35.44
1728929605.685191,2,519,37.67
1728929606.0333142,3,445,36
1728929606.3177576,4,735,35.46
1728929606.6191018,1,441,35.38
1728929606.9021456,2,520,37.67
1728929607.1682694,3,446,36
1728929607.469183,4,739,35.35
1728929607.7549691,1,441,35.4
1728929608.0553424,2,520,37.67
1728929608.3579957,3,442,36
1728929608.6580474,4,739,35.38
1728929608.957964,1,442,35.4
1728929609.2728102,2,520,37.67
1728929609.5606627,3,441,36
1728929609.8443894,4,740,35.38
1728929610.144881,1,439,35.4
1728929610.4289308,2,519,37.54
1728929610.7113724,3,446,36
1728929611.012748,4,742,35.38
1728929611.2981856,1,447,35.38
1728929611.6124358,2,519,37.52
1728929611.8960097,3,447,36
1728929612.1957154,4,741,35.33
1728929612.5128484,1,445,35.35
1728929612.8131604,2,519,37.46
1728929613.1430702,3,445,36
1728929613.4442565,4,733,35.33
1728929613.746649,1,443,35.38
1728929614.0287104,2,520,37.33
1728929614.3284125,3,446,35.98
1728929614.6118114,4,741,35.33
1728929614.909952,1,440,35.44
1728929615.2108061,2,518,37.35
1728929615.4948719,3,448,35.96
1728929615.7969158,4,751,35.35
1728929616.0980225,1,447,35.42
1728929616.3825018,2,519,37.33
1728929616.6682994,3,445,35.9
1728929616.9537237,4,739,35.33
1728929617.2539585,1,445,35.38
1728929617.537998,2,520,37.33
1728929617.8377113,3,445,35.85
1728929618.1078143,4,739,35.33
1728929618.4101942,1,449,35.35
1728929618.790427,2,521,37.33
1728929619.1113522,3,447,35.9
1728929619.380502,4,739,35.33
1728929619.728061,1,444,35.33
1728929620.0121646,2,520,37.33
1728929620.312591,3,452,35.83
1728929620.6145816,1,447,35.35
1728929620.8989155,4,740,35.33
1728929621.1685503,3,446,35.83
1728929621.4515717,2,519,37.33
1728929621.7210798,1,441,35.4
1728929622.003818,4,743,35.33
1728929622.2874541,3,446,35.88
1728929623,2,519,37.33
1728929622.8860054,1,440,35.35
1728929623.1851437,4,738,35.33
1728929623.4531305,3,444,35.77
1728929623.737719,2,519,37.33
1728929624.063822,1,444,35.31
1728929624.524978,4,743,35.33
1728929624.8875086,3,446,35.75
1728929625.4741704,2,519,37.33
1728929625.8987615,1,446,35.27
1728929626.2431347,3,445,35.73
1728929626.5564072,4,735,35.33
1728929626.8423326,2,519,37.33
1728929627.1442862,1,445,35.33
1728929627.4480455,3,448,35.71
1728929627.7460475,4,738,35.33
1728929628.1275697,2,519,37.33
1728929628.427065,1,446,35.31
1728929628.741014,3,446,35.71
1728929629.1198144,4,721,35.33
1728929629.4673867,1,446,35.23
1728929629.752426,2,520,37.33
1728929630.0072474,3,446,35.73
1728929630.290752,4,745,35.33
1728929630.5620623,1,449,35.25
1728929630.8459446,2,519,37.31
1728929631.1593542,3,448,35.69
1728929631.4294848,4,742,35.33
1728929631.7119157,1,447,35.29
1728929631.9956799,2,520,37.27
1728929632.297592,3,446,35.67
1728929632.5845382,4,744,35.33
1728929632.8846562,1,444,35.27
1728929633.1837683,2,520,37.23
1728929633.4519358,3,449,35.67
1728929633.720926,4,742,35.33
1728929633.9896204,1,444,35.17
1728929634.2584653,2,521,37.08
1728929634.5288074,3,449,35.69
1728929634.845368,4,743,35.33
1728929635.1151133,1,444,35.17
1728929635.3836668,2,521,37.06
1728929635.6666038,3,447,35.67
1728929635.9208267,4,744,35.33
1728929636.2065759,1,443,35.15
1728929636.4776676,2,520,37.04
1728929636.7637372,3,446,35.67
1728929637.0320988,4,742,35.33
1728929637.3001175,1,441,35.19
1728929637.569514,2,520,37
1728929637.8403697,3,447,35.65
1728929638.1117074,4,745,35.33
1728929638.3942654,1,443,35.19
1728929638.6607268,2,519,37
1728929638.9486933,3,446,35.67
1728929639.2155063,4,736,35.33
1728929639.4859996,1,444,35.13
1728929639.7560225,2,519,37
1728929640.070552,3,450,35.65
1728929640.340112,4,741,35.33
1728929640.626754,1,448,35.1
1728929640.9107063,2,519,37
1728929641.1794386,3,449,35.67
1728929641.4526029,4,733,35.33
1728929641.703777,1,446,35.13
1728929641.9727194,2,519,37
1728929642.2409909,3,444,35.65
1728929642.5095935,4,746,35.33
1728929642.7803702,1,446,35.1
1728929643.0634127,2,520,37
1728929643.331662,3,446,35.65
1728929643.6015825,4,744,35.33
1728929643.8863087,1,447,35.15
1728929644.1692176,2,519,37
1728929644.4571362,3,447,35.6
1728929644.7251136,4,741,35.33
1728929644.995224,1,445,35.13
1728929645.3127642,2,518,37
1728929645.587231,3,445,35.6
1728929645.850948,4,750,35.33
1728929646.1184285,1,444,35.13
1728929646.3874874,2,519,37
1728929646.654882,3,447,35.6
1728929646.9269083,4,746,35.33
1728929647.195823,1,447,35.1
1728929647.4633453,2,519,37
1728929647.747551,3,447,35.6
1728929648.064405,4,746,35.33
1728929648.3486557,1,445,35.1
1728929648.6173718,2,520,37
1728929648.9148285,3,444,35.52
1728929649.1523445,4,739,35.31
1728929649.422188,1,443,35.13
1728929649.6933155,2,520,37
1728929649.9769554,3,442,35.5
1728929650.2305965,4,750,35.31
1728929650.5477667,1,445,35.15
1728929650.8169603,2,520,37
1728929651.0853596,3,448,35.48
1728929651.3694792,4,743,35.25
1728929651.6395085,1,450,35.1
1728929651.9111793,2,519,36.98
1728929652.1802819,3,450,35.44
1728929652.4643033,4,747,35.21
1728929652.7327952,1,447,35.1
1728929653.000893,2,519,36.96
1728929653.2686207,3,450,35.48
1728929653.5387218,4,753,35.29
1728929653.8078892,1,447,35.08
1728929654.091938,2,519,36.85
1728929654.3611052,3,439,35.44
1728929654.631461,4,745,35.27
1728929654.9015741,1,442,35.1
1728929655.1701205,2,519,36.81
1728929655.4541664,3,436,35.4
1728929655.7536004,4,738,35.21
1728929656.0370045,1,445,35.13
1728929656.3070884,2,519,36.71
1728929657,3,439,35.44
1728929656.8927593,4,748,35.17
1728929657.1597557,1,437,35.1
1728929657.4557076,2,519,36.71
1728929657.8026557,3,439,35.46
1728929658.0727592,4,748,35.17
1728929658.3380146,1,436,35.02
1728929658.6231692,2,519,36.67
1728929658.8904197,3,441,35.4
1728929659.2044523,4,747,35.19
1728929659.486174,1,434,35.06
1728929659.766308,2,520,36.69
1728929660.048956,3,444,35.38
1728929660.329097,4,746,35.17
1728929660.628605,1,438,35.08
1728929660.9050171,2,520,36.67
1728929661.2326589,3,443,35.33
1728929661.5114279,4,752,35.1
1728929661.7874327,1,441,35.04
1728929662.0654933,2,521,36.67
1728929662.3485463,3,445,35.33
1728929662.6319008,4,740,35.06
1728929662.9135587,1,440,35.04
1728929663.1946466,2,520,36.67
1728929663.4741995,3,442,35.35
1728929663.7543406,4,752,35.08
1728929664.0343714,1,441,35.02
1728929664.3145292,2,520,36.67
1728929664.5940802,3,446,35.33
1728929664.8745472,4,736,35.17
1728929665.1533957,1,437,35.04
1728929665.4345293,2,519,36.67
1728929665.716838,3,446,35.35
1728929665.9995272,4,757,35.02
1728929666.2806427,1,439,35.06
1728929666.6080983,2,519,36.67
1728929666.875457,3,441,35.33
1728929667.1676602,4,753,35.04
1728929667,1,440,35.04
1728929667.7479982,2,519,36.67
1728929668.043289,3,442,35.33
1728929668.3212397,4,749,35.02
1728929669,1,438,35.04
1728929668.8944023,2,519,36.67
1728929669.177731,3,444,35.33
1728929669.461306,4,752,35
1728929669.7376041,1,438,34.97
1728929670.0156603,2,519,36.67
1728929670.2937796,3,440,35.33
1728929670.578133,4,751,35
1728929670.8592234,1,445,35
1728929671.141462,2,520,36.67
1728929671,3,438,35.31
1728929671.7052405,4,749,35.02
1728929672.036108,1,442,35.02
1728929672.3182151,2,520,36.67
1728929672.5992746,3,442,35.33
1728929672.8906446,4,766,35
1728929673.1618235,1,441,34.97
1728929673.4419525,2,520,36.67
1728929673.7222152,3,441,35.31
1728929673.984431,4,751,35
1728929674.2678921,1,443,34.97
1728929674.5458534,2,520,36.67
1728929674.827779,3,442,35.33
1728929675.1065178,4,748,35
1728929675.3853304,1,441,34.97
1728929675.679418,2,519,36.63
1728929675.9584005,3,445,35.31
1728929676.2374933,4,750,35
1728929676.5207763,1,441,35
1728929676.815791,2,520,36.56
1728929677.0819728,3,445,35.27
1728929677.3974943,4,766,35.02
1728929677.6805344,1,439,34.95
1728929677.9572241,2,519,36.46
1728929678.2344937,3,443,35.27
1728929678.5160487,4,751,35
1728929678.8090696,1,441,34.9
1728929679.0901718,2,519,36.4
1728929679.3677263,3,447,35.27
1728929679.663849,4,751,35
1728929679.9467623,1,443,34.92
1728929680.2285311,2,519,36.33
1728929680.5273397,3,442,35.23
1728929680.8114426,4,748,35
1728929681.0809526,1,443,34.92
1728929681.3479483,2,519,36.33
1728929681.616067,3,445,35.15
1728929681.8840842,4,737,35
1728929682.153214,1,441,34.92
1728929682.436764,2,519,36.33
1728929682.7509696,3,446,35.19
1728929683.0298452,4,750,35
1728929683.2978976,1,446,34.87
1728929683.5821724,2,519,36.33
1728929683.8655977,3,445,35.19
1728929684.1351562,4,751,35
1728929684.4045646,1,442,34.92
1728929684.6859472,2,519,36.33
1728929684.9559708,3,446,35.15
1728929685.2321851,4,753,35
1728929685.498375,1,439,34.84
1728929685.7698646,2,519,36.33
1728929686.0310204,3,441,35.15
1728929686,4,746,35
1728929686.560683,1,444,34.9
1728929686.839748,2,519,36.33
1728929687.099115,3,442,35.13
1728929687,4,750,35
1728929687.631205,1,440,34.87
1728929687.9313157,2,520,36.33
1728929688.214616,3,443,35.13
1728929688.481953,4,752,35
1728929688.7475264,1,442,34.82
1728929689.0282671,2,520,36.33
1728929689.2899823,3,441,35.1
1728929689.5359895,4,758,35
1728929689.8082108,1,441,34.79
1728929690.0848906,2,521,36.33
1728929690.3289828,3,444,35.04
1728929690.5973096,4,750,35
1728929690.864761,1,441,34.79
1728929691.1457055,2,519,36.33
1728929691.413806,3,444,35.06
1728929691.6812418,4,750,35
1728929691.9502661,1,443,34.77
1728929692.2180727,2,519,36.33
1728929692.4859223,3,447,35.1
1728929692.7536092,4,749,35
1728929693.054468,1,440,34.77
1728929693.3379352,2,519,36.33
1728929693.5844312,3,443,35.04
1728929693.8503854,4,754,35
1728929694.1178327,1,441,34.77
1728929694.3887212,2,519,36.33
1728929694.660825,3,443,35.04
1728929694.9285922,4,751,35
1728929695.195452,1,447,34.77
1728929695.4635522,2,519,36.31
1728929695.7278807,3,445,35.02
1728929696.0089731,4,743,35
1728929696.263713,1,442,34.82
1728929696.5722737,2,519,36.33
1728929696.8401139,3,442,35
1728929697,4,754,35
1728929697.3551016,1,442,34.66
1728929697.617401,2,519,36.29
1728929697.8852427,3,441,35.02
1728929698.1842408,4,746,35
1728929698.4538286,1,446,34.71
1728929698.7209284,2,519,36.27
1728929699.0222008,3,445,35
1728929699.287005,4,751,35
1728929699.5552435,1,442,34.71
1728929699.8253663,2,519,36.19
1728929700.0918562,3,444,35
1728929700.3575313,4,737,35
1728929700.6446059,1,443,34.66
1728929700.9131556,2,520,36.13
1728929701.179189,3,445,35
1728929701.4576283,4,752,35
1728929701.741387,1,442,34.71
1728929701.9987123,2,520,36.13
1728929702.2627542,3,445,35
1728929702.546806,4,753,35
1728929702.8111122,1,443,34.74
1728929703.0887623,2,521,36.13
1728929703.3989556,3,441,35
1728929703.6790175,4,751,34.97
1728929704,1,442,34.74
1728929704.2202287,2,520,36
1728929704.5008264,3,446,35
1728929704.7818582,4,746,35
1728929705.0450344,1,442,34.69
1728929705.3091495,2,519,36
1728929705.587859,3,443,35
1728929705.8531928,4,748,35
1728929706.1304605,1,446,34.71
1728929706.3958807,2,519,36
1728929706.658363,3,445,35
1728929706.9271095,4,753,35
1728929707.2063363,1,438,34.69
1728929707.484745,2,519,36
1728929707.7658129,3,443,35
1728929708.0278406,4,755,34.95
1728929708.307827,1,439,34.69
1728929708.6172836,2,519,36
1728929708.8993464,3,443,35
1728929709.1638126,4,752,34.92
1728929709.4289234,1,444,34.74
1728929709.6937575,2,519,36
1728929709.9615793,3,445,34.97
1728929710.2214057,4,745,34.92
1728929710.5045311,1,445,34.69
1728929710.780801,2,519,36
1728929711.048181,3,441,34.97
1728929711.3265624,4,750,34.79
1728929711.5945494,1,442,34.71
1728929711.8756108,2,520,36
1728929712.138625,3,444,34.87
1728929712.4160466,4,769,34.97
1728929712.6820564,1,440,34.69
1728929712.9434977,2,519,36
1728929713.217399,3,443,34.9
1728929713.4966578,4,744,34.82
1728929713.8042526,1,444,34.64
1728929714.064383,2,520,36
1728929714.3257453,3,444,34.92
1728929715,4,751,34.77
1728929714.8703825,1,443,34.69
1728929715.1341062,2,520,36
1728929715.4120505,3,443,34.87
1728929715.6784065,4,748,34.82
1728929715.9445143,1,445,34.64
1728929716.2263982,2,520,36
1728929716.4872713,3,442,34.87
1728929716.754641,4,750,34.64
1728929717.029736,1,443,34.64
1728929717.2981358,2,520,36
1728929717.5682123,3,445,34.82
1728929717.8342772,4,753,34.71
1728929718.097129,1,444,34.61
1728929718.3775704,2,520,36
1728929718.6456747,3,449,34.84
1728929718.9573162,4,749,34.79
1728929719.2364395,1,446,34.66
1728929719.5005496,2,519,36
1728929719.7662249,3,442,34.79
1728929720.0482812,4,754,34.69
1728929720.3115172,1,444,34.66
1728929720.5922613,2,520,36
1728929720.870513,3,447,34.79
1728929721.1323028,4,743,34.64
1728929721.4010289,1,444,34.66
1728929721.687302,2,519,35.98
1728929721.9572902,3,442,34.74
1728929722.2015812,4,761,34.74
1728929722.472534,1,440,34.64
1728929722.7347333,2,520,35.88
1728929723.0011477,3,442,34.66
1728929723.2832053,4,744,34.71
1728929723.5364807,1,441,34.64
1728929723.8193285,2,519,35.85
1728929724.1210473,3,441,34.77
1728929724.3926363,4,752,34.66
1728929724.6607385,1,448,34.69
1728929724.9261947,2,519,35.81
1728929725.1991055,3,442,34.74
1728929725.4619997,4,747,34.71
1728929725.7282593,1,446,34.51
1728929726.000787,2,519,35.83
1728929726.2627485,3,446,34.74
1728929726.529739,4,743,34.69
1728929726.797272,1,440,34.56
1728929727.065941,2,519,35.77
1728929727.3342767,3,442,34.66
1728929727.6010506,4,753,34.58
1728929727.864182,1,444,34.61
1728929728.140618,2,520,35.79
1728929728.4196987,3,443,34.61
1728929728.6997235,4,746,34.71
1728929728.9670553,1,442,34.53
1728929729.2819848,2,519,35.73
1728929729.5468514,3,445,34.64
1728929729.8248699,4,729,34.64
1728929730.0878773,1,443,34.53
1728929730.3659525,2,519,35.77
1728929730.6353946,3,445,34.69
1728929730.9004738,4,759,34.66
1728929731.1799881,1,442,34.53
1728929731.4563348,2,519,35.73
1728929731.7359023,3,442,34.66
1728929732.0149705,4,745,34.58
1728929732.2922902,1,442,34.56
1728929732.5754557,2,519,35.71
1728929732.852534,3,442,34.58
1728929733.1168532,4,747,34.58
1728929733.4004264,1,443,34.51
1728929733.6617973,2,519,35.67
1728929733.9269152,3,443,34.61
1728929734.1946497,4,754,34.58
1728929734.5046575,1,440,34.48
1728929734.7879004,2,519,35.67
1728929735.0542614,3,440,34.58
1728929735.333778,4,753,34.58
1728929735.5969608,1,442,34.4
1728929735.8771484,2,519,35.67
1728929736.1449473,3,440,34.58
1728929736.4259305,4,750,34.58
1728929736.7090986,1,439,34.48
1728929736.9842353,2,519,35.67
1728929737.2522268,3,443,34.58
1728929737.5341291,4,755,34.58
1728929737.797713,1,447,34.43
1728929738.0807736,2,519,35.67
1728929738.3934102,3,444,34.58
1728929738.6604435,4,750,34.58
1728929738.9353075,1,439,34.43
1728929739.2154374,2,518,35.67
1728929739.4833355,3,443,34.58
1728929739.8099573,4,752,34.58
1728929740.0728517,1,446,34.43
1728929740.399611,2,518,35.67
1728929740.6796644,3,444,34.58
1728929740.9601595,4,751,34.58
1728929741.2367013,2,519,35.67
1728929741.502118,1,446,34.45
1728929741.7818234,3,445,34.58
1728929742,4,752,34.58
1728929742.3290353,2,519,35.67
1728929742.5930207,1,445,34.4
1728929742.856283,3,444,34.58
1728929743.1353526,4,757,34.58
1728929743.4027505,2,519,35.67
1728929743.684786,1,444,34.38
1728929743.9696698,3,444,34.58
1728929744.2488742,4,742,34.58
1728929744.5246313,2,519,35.67
1728929744.7883477,1,445,34.35
1728929745.1059523,3,445,34.58
1728929745.3677645,4,750,34.58
1728929745.6334262,2,519,35.67
1728929745.912207,1,446,34.4
1728929746.1769464,3,445,34.58
1728929746.4570096,4,753,34.58
1728929746.7250147,2,519,35.67
1728929746.9900012,1,448,34.38
1728929747.2720964,3,442,34.58
1728929747.549399,4,753,34.58
1728929747.827321,2,519,35.67
1728929748.0925202,1,445,34.32
1728929748.392891,3,441,34.53
1728929748.6597428,4,754,34.58
1728929748.9519362,1,449,34.32
1728929749.2159064,2,519,35.67
1728929749.4829142,3,445,34.58
1728929749.7326891,4,758,34.58
1728929750.0038493,1,445,34.35
1728929750.2898922,2,519,35.65
1728929750.557487,3,448,34.53
1728929750.8276646,4,754,34.58
1728929751.0954363,1,446,34.27
1728929751.360293,2,519,35.67
1728929751.6426442,3,447,34.56
1728929751.9109743,4,754,34.58
1728929752.1801481,1,449,34.35
1728929752.4551578,2,519,35.67
1728929752.7367136,3,447,34.51
1728929753.0176783,4,757,34.58
1728929753.2822397,1,446,34.32
1728929753.5619643,2,518,35.58
1728929753.8406987,3,446,34.48
1728929754.1029172,4,756,34.58
1728929754.3833728,1,446,34.3
1728929754.6624548,2,518,35.58
1728929754.9274793,3,447,34.43
1728929755.1945097,4,757,34.58
1728929755.5083907,1,446,34.3
1728929755.7883892,2,519,35.46
1728929756.0661783,3,450,34.58
1728929756.344376,4,752,34.58
1728929757,1,448,34.32
1728929756.9146543,2,519,35.46
1728929757.1703026,3,448,34.58
1728929757.4325066,4,755,34.58
1728929757.685543,1,442,34.3
1728929757.971589,2,519,35.33
1728929758.2345035,3,449,34.32
1728929758.514568,4,756,34.58
1728929758.795272,1,450,34.27
1728929759.0612936,2,519,35.35
1728929759.3400378,3,446,34.4
1728929759.6232562,4,758,34.58
1728929759.8895419,1,449,34.3
1728929760.1688454,2,519,35.35
1728929760.4333751,3,445,34.17
1728929760.7618556,4,753,34.58
1728929761.0278554,1,452,34.32
1728929761.3065357,2,519,35.33
1728929761.5698361,3,445,34.22
1728929761.8503823,4,756,34.58
1728929762.1145034,1,448,34.3
1728929762.3944302,2,519,35.35
1728929762.658548,3,449,34.24
1728929762.9390104,4,756,34.58
1728929763.2029123,1,445,34.3
1728929763.4873261,2,519,35.33
1728929763.763849,3,447,34.56
1728929764.040943,4,760,34.58
1728929764.3241038,1,449,34.24
1728929764.5892763,2,519,35.33
1728929765,3,448,34.17
1728929765.1370158,4,757,34.58
1728929765.4187446,1,446,34.3
1728929765.6955397,2,519,35.33
1728929766.0036714,3,449,34.45
1728929766.2661371,4,761,34.56
1728929766.544882,1,448,34.3
1728929766.8329263,2,518,35.33
1728929767.075523,3,447,34.27
1728929767.3443356,4,755,34.51
1728929767.6121109,1,450,34.17
1728929767.9058404,2,518,35.33
1728929768.1686714,3,447,34.27
1728929768.5257714,4,755,34.51
1728929768.8344142,1,450,34.3
1728929769.1169567,2,519,35.33
1728929769.4569426,3,448,34.32
1728929769.7470405,4,759,34.51
1728929770.0280395,1,449,34.3
1728929770.2933743,2,519,35.33
1728929770.5712743,3,450,34.17
1728929770.8482828,4,757,34.43
1728929771.112627,1,448,34.24
1728929771.4216955,2,519,35.33
1728929771.6914594,3,446,34.17
1728929771.9827895,4,755,34.53
1728929772.2470615,1,446,34.19
1728929772.5542524,2,519,35.33
1728929772.837233,3,450,34.17
1728929773.0854013,4,755,34.43
1728929773.3654568,1,448,34.24
1728929773.646233,2,519,35.33
1728929773.915336,3,448,34.17
1728929774.1834073,4,758,34.38
1728929774.4504988,1,451,34.24
1728929774.7223444,2,519,35.33
1728929774.992441,3,447,34.27
1728929775.2438025,4,759,34.32
1728929775.5262978,1,444,34.24
1728929775.7947013,2,519,35.33
1728929776.0493176,3,451,34.24
1728929776.3167608,4,757,34.32
1728929776.6472235,1,447,34.17
1728929776.9234805,2,518,35.33
1728929777.185854,3,449,34.17
1728929777.4359264,4,760,34.4
1728929777.7012515,1,448,34.22
1728929777.968527,2,519,35.33
1728929778.2390172,3,454,34.17
1728929778.5100431,4,760,34.35
1728929778.7767467,1,450,34.24
1728929779.0449219,2,519,35.33
1728929779.3101947,3,451,34.17
1728929779.5792952,4,753,34.24
1728929779.845399,1,449,34.22
1728929780.1135268,2,518,35.33
1728929780.3819444,3,448,34.17
1728929780.6578588,4,759,34.24
1728929780.9047148,1,448,34.22
1728929781.174699,2,517,35.33
1728929781.4435823,3,449,34.17
1728929781.7480078,4,760,34.19
1728929781.996184,1,453,34.17
1728929782.2621646,2,518,35.31
1728929782.5314147,3,450,34.17
1728929782.863422,4,759,34.19
1728929783,1,445,34.24
1728929783.4141026,2,518,35.33
1728929783.6794653,3,450,34.17
1728929783.9461842,4,764,34.17
1728929784.2269597,1,452,34.17
1728929784.4923198,2,518,35.27
1728929784.7685113,3,451,34.17
1728929785.0297067,4,758,34.17
1728929785.3034477,1,451,34.14
1728929785.576623,2,519,35.29
1728929785.8222775,3,455,34.17
1728929786.0883887,4,761,34.17
1728929786.3548107,1,451,34.11
1728929786.622888,2,518,35.27
1728929786.9213057,3,452,34.17
1728929787.1994045,4,761,34.22
1728929787.4607317,1,454,34.11
1728929787.7268393,2,518,35.21
1728929787.9956582,3,452,34.17
1728929788.264769,4,761,34.17
1728929788.5458903,1,452,34.19
1728929788.835649,2,519,35.15
1728929789.0973556,3,449,34.17
1728929789.3532662,4,765,34.19
1728929789.6063457,1,453,34.14
1728929789.887904,2,518,35.06
1728929790.1501172,3,453,34.14
1728929790.4129536,4,760,34.17
1728929790.6680984,1,450,34.11
1728929790.9376812,2,518,35.02
1728929791.2018764,3,451,34.17
1728929791.4673018,4,760,34.17
1728929791.7483525,1,450,34.09
1728929792.056075,2,519,35.06
1728929792.3382223,3,454,34.17
1728929792.6151872,4,762,34.17
1728929792.8979924,1,451,34.11
1728929793.1744192,2,519,35.02
1728929793.4441295,3,452,34.14
1728929793.7244906,4,758,34.17
1728929793.9875686,1,450,34.06
1728929794.2516146,2,517,35.02
1728929794.5263057,3,454,34.14
1728929794.8104842,4,763,34.17
1728929795.0895038,1,454,34.14
1728929795.356608,2,518,35
1728929795.621556,3,454,34.17
1728929795.8854475,4,761,34.17
1728929796.165776,1,448,34.04
1728929796.4637957,2,518,35
1728929796.743525,3,451,34.11
1728929797.0039437,4,762,34.17
1728929797.3164237,1,450,33.98
1728929797.5802867,2,519,35
1728929797.8434784,3,453,34.11
1728929798.124601,4,764,34.17
1728929798.3896344,1,451,34.04
1728929798.6706789,2,518,35
1728929798.935581,3,455,34.06
1728929799.2152839,4,764,34.17
1728929799.497223,1,456,34.01
1728929799.7652805,2,519,35
1728929800.0433555,3,454,34.06
1728929800.3214211,4,761,34.17
1728929800.602691,1,455,34.06
1728929800.8864655,2,519,35
1728929801.1370933,3,453,33.98
1728929801.414451,4,766,34.17
1728929801.6783853,1,453,34.01
1728929801.9429817,2,518,35
1728929802.2214875,3,451,34.04
1728929802.5217993,4,755,34.17
1728929802.7987332,1,451,34.01
1728929803.0628688,2,519,35
1728929803.328765,3,452,34.01
1728929803.6083872,4,768,34.17
1728929803.8902586,1,453,33.98
1728929804.1683364,2,519,35
1728929804.4457123,3,450,34.04
1728929804.7289855,4,765,34.17
1728929804.9895225,1,452,33.96
1728929805.2693467,2,519,35
1728929805.5314727,3,453,34.06
1728929806,4,766,34.17
1728929806.0756762,1,450,33.96
1728929806.3581438,2,518,35
1728929806.6237812,3,451,33.96
1728929806.8921692,4,763,34.17
1728929807.1769888,1,453,33.96
1728929807.4544482,2,518,35
1728929807.7683208,3,454,33.96
1728929808.0487208,4,761,34.17
1728929808.3276546,1,454,33.93
1728929808.605286,2,517,35
1728929808.8753898,3,457,33.85
1728929809.1414826,4,767,34.17
1728929809.4094312,1,455,33.91
1728929809.6916075,2,518,35
1728929809.9579973,3,454,33.93
1728929810.238059,4,762,34.17
1728929810.5057182,1,452,33.91
1728929810.7709928,2,518,35
1728929811.0523784,3,452,33.91
1728929811.332594,4,767,34.17
1728929811.6096632,1,452,33.91
1728929811.8887515,2,518,35
1728929812.197195,3,452,33.93
1728929812.4791818,4,770,34.17
1728929812.7478082,1,453,33.91
1728929813.0550916,2,518,35
1728929813.3376124,3,452,33.91
1728929813.6006246,4,766,34.17
1728929813.8697956,1,454,33.91
1728929814.1358504,2,519,35
1728929814.415901,3,456,33.83
1728929814.6782434,4,767,34.17
1728929814.9433568,1,454,33.96
1728929815.226731,2,519,35
1728929815.5245812,3,452,33.85
1728929815.7886288,4,763,34.17
1728929816.0606065,1,453,33.91
1728929816.3297668,2,519,34.97
1728929816.6289952,3,453,33.85
1728929816.897096,4,759,34.17
1728929817.1656077,1,452,33.96
1728929817.443705,3,453,33.8
1728929817.7013674,2,519,35
1728929817.9658213,4,767,34.17
1728929818.263851,1,455,33.85
1728929818.559835,3,452,33.8
1728929819.0890365,4,765,34.17
1728929819.3808885,1,452,33.83
1728929820.041033,4,809,34.17
1728929820.8965771,4,808,34.17
1728929821.7449813,4,807,34.17
1728929822.6168778,4,435,34.17
1728929823.4914172,4,434,34.17
1728929824.370071,4,437,34.14
1728929825.241894,4,432,34.17
1728929826.1018286,4,432,34.17
1728929827.0185008,4,432,34.17
1728929827.9601083,4,602,34.17
1728929828.8449042,4,583,34.17
1728929829.715028,4,574,34.14
1728929830.6184635,4,566,34.17
1728929831.4873989,4,559,34.17
1728929832.3482234,4,560,34.17
1728929833.2096484,4,558,34.09
1728929834.0671349,4,551,34.17
1728929834.9284658,4,542,34.17
1728929835.7979352,4,536,34.14
1728929836.6669514,4,530,34.17
1728929837.529744,4,521,34.14
1728929838.3857431,4,504,34.14
1728929839.2549686,4,513,34.14
1728929840.128279,4,511,34.17
1728929840.9793756,4,510,34.11
1728929841.8281112,4,502,34.17
1728929842.6904256,4,501,34.14
1728929843.5462935,4,504,34.14
1728929844.4054475,4,509,34.14
1728929845.2537544,4,509,34.09
1728929846.1052387,4,506,34.17
1728929847.0228138,4,499,34.14
1728929847.886005,4,498,34.06
1728929848.760192,4,507,33.93
1728929849.6134882,4,507,34.04
1728929850.4851792,4,510,34.14
1728929851.3945534,4,496,33.96
1728929852.245061,4,496,33.96
1728929853.1031797,4,484,33.96
1728929853.9697404,4,475,33.91
1728929854.8330786,4,460,34.01
1728929855.6962223,4,434,33.88
1728929856.5634465,4,445,33.96
1728929857.417946,4,436,33.93
1728929858.2742167,4,435,33.96
1728929859.1365082,4,430,33.88
1728929860.011909,4,426,33.85
1728929860.8779473,4,427,33.8
1728929861.7361147,4,424,33.83
1728929862.5949726,4,425,33.8
1728929863.4964883,4,428,33.8
1728929864.370235,4,430,33.88
1728929865.243795,4,436,33.8
1728929866.1127121,4,447,33.75
1728929866.980148,4,450,33.8
1728929867.858152,4,458,33.75
1728929868.7243981,4,457,33.83
1728929870.574294,4,451,33.75
1728929871.4827652,4,448,33.78
1728929872.3405702,4,440,33.78
1728929873.2039342,4,441,33.75
1728929874.0624776,4,442,33.75
1728929875.0964115,4,442,33.75
1728929875.9608407,4,441,33.75
1728929876.826835,4,436,33.75
1728930007.975296,4,430,33.78
1728930009.0694141,4,423,33.75
1728930010.1469796,4,424,33.75
